,start_time,end_time,start_frame,end_frame
0,00:00:00.000,00:01:08.833,0,2065
1,00:01:08.833,00:01:11.333,2065,2140
2,00:01:11.333,00:01:32.900,2140,2787
3,00:01:32.900,00:01:42.733,2787,3082
4,00:01:42.733,00:01:56.333,3082,3490
5,00:01:56.333,00:01:56.833,3490,3505
6,00:01:56.833,00:02:13.667,3505,4010
7,00:02:13.667,00:02:14.167,4010,4025
8,00:02:14.167,00:02:14.833,4025,4045
9,00:02:14.833,00:02:18.467,4045,4154
10,00:02:18.467,00:02:18.967,4154,4169
11,00:02:18.967,00:02:19.467,4169,4184
12,00:02:19.467,00:02:19.967,4184,4199
13,00:02:19.967,00:02:22.133,4199,4264
14,00:02:22.133,00:02:22.633,4264,4279
15,00:02:22.633,00:02:23.133,4279,4294
16,00:02:23.133,00:02:25.033,4294,4351
17,00:02:25.033,00:02:25.533,4351,4366
18,00:02:25.533,00:02:26.033,4366,4381
19,00:02:26.033,00:02:26.533,4381,4396
20,00:02:26.533,00:02:27.200,4396,4416
21,00:02:27.200,00:02:27.700,4416,4431
22,00:02:27.700,00:02:31.267,4431,4538
23,00:02:31.267,00:02:32.067,4538,4562
24,00:02:32.067,00:02:32.600,4562,4578
25,00:02:32.600,00:02:39.233,4578,4777
26,00:02:39.233,00:02:52.700,4777,5181
27,00:02:52.700,00:02:53.700,5181,5211
28,00:02:53.700,00:02:54.200,5211,5226
29,00:02:54.200,00:02:54.700,5226,5241
30,00:02:54.700,00:03:15.600,5241,5868
31,00:03:15.600,00:03:16.933,5868,5908
32,00:03:16.933,00:03:17.733,5908,5932
33,00:03:17.733,00:03:21.267,5932,6038
34,00:03:21.267,00:03:21.800,6038,6054
35,00:03:21.800,00:03:35.367,6054,6461
36,00:03:35.367,00:03:35.867,6461,6476
37,00:03:35.867,00:03:36.667,6476,6500
38,00:03:36.667,00:03:41.000,6500,6630
39,00:03:41.000,00:03:41.500,6630,6645
40,00:03:41.500,00:03:42.767,6645,6683
41,00:03:42.767,00:03:43.267,6683,6698
42,00:03:43.267,00:03:43.767,6698,6713
43,00:03:43.767,00:03:44.500,6713,6735
44,00:03:44.500,00:03:47.033,6735,6811
45,00:03:47.033,00:03:55.933,6811,7078
46,00:03:55.933,00:04:05.533,7078,7366
47,00:04:05.533,00:04:06.067,7366,7382
48,00:04:06.067,00:04:06.600,7382,7398
49,00:04:06.600,00:04:07.600,7398,7428
50,00:04:07.600,00:04:08.800,7428,7464
51,00:04:08.800,00:04:09.300,7464,7479
52,00:04:09.300,00:04:11.500,7479,7545
53,00:04:11.500,00:04:12.000,7545,7560
54,00:04:12.000,00:04:14.233,7560,7627
55,00:04:14.233,00:04:15.700,7627,7671
56,00:04:15.700,00:04:18.733,7671,7762
57,00:04:18.733,00:04:22.167,7762,7865
58,00:04:22.167,00:04:22.967,7865,7889
59,00:04:22.967,00:04:24.000,7889,7920
60,00:04:24.000,00:04:25.400,7920,7962
61,00:04:25.400,00:04:26.367,7962,7991
62,00:04:26.367,00:04:27.700,7991,8031
63,00:04:27.700,00:04:28.200,8031,8046
64,00:04:28.200,00:04:30.567,8046,8117
65,00:04:30.567,00:04:36.733,8117,8302
66,00:04:36.733,00:04:37.233,8302,8317
67,00:04:37.233,00:04:39.533,8317,8386
68,00:04:39.533,00:04:40.367,8386,8411
69,00:04:40.367,00:04:41.133,8411,8434
70,00:04:41.133,00:04:41.633,8434,8449
71,00:04:41.633,00:04:42.833,8449,8485
72,00:04:42.833,00:04:44.733,8485,8542
73,00:04:44.733,00:04:46.067,8542,8582
74,00:04:46.067,00:04:46.800,8582,8604
75,00:04:46.800,00:04:47.300,8604,8619
76,00:04:47.300,00:04:48.000,8619,8640
77,00:04:48.000,00:04:48.500,8640,8655
78,00:04:48.500,00:05:26.600,8655,9798
79,00:05:26.600,00:05:27.867,9798,9836
80,00:05:27.867,00:05:31.233,9836,9937
81,00:05:31.233,00:05:31.733,9937,9952
82,00:05:31.733,00:05:32.233,9952,9967
83,00:05:32.233,00:05:32.800,9967,9984
84,00:05:32.800,00:05:33.300,9984,9999
85,00:05:33.300,00:06:45.933,9999,12178
86,00:06:45.933,00:06:48.000,12178,12240
87,00:06:48.000,00:06:48.500,12240,12255
88,00:06:48.500,00:06:49.000,12255,12270
89,00:06:49.000,00:06:49.500,12270,12285
90,00:06:49.500,00:06:50.100,12285,12303
91,00:06:50.100,00:06:50.600,12303,12318
92,00:06:50.600,00:06:51.100,12318,12333
93,00:06:51.100,00:06:52.133,12333,12364
94,00:06:52.133,00:07:03.200,12364,12696
95,00:07:03.200,00:07:03.967,12696,12719
96,00:07:03.967,00:07:09.567,12719,12887
97,00:07:09.567,00:07:10.067,12887,12902
98,00:07:10.067,00:07:12.633,12902,12979
99,00:07:12.633,00:07:13.167,12979,12995
100,00:07:13.167,00:07:13.667,12995,13010
101,00:07:13.667,00:07:14.167,13010,13025
102,00:07:14.167,00:07:15.633,13025,13069
103,00:07:15.633,00:07:16.133,13069,13084
104,00:07:16.133,00:07:16.633,13084,13099
105,00:07:16.633,00:07:17.133,13099,13114
106,00:07:17.133,00:07:29.000,13114,13470
107,00:07:29.000,00:08:01.500,13470,14445
108,00:08:01.500,00:08:03.867,14445,14516
109,00:08:03.867,00:08:04.800,14516,14544
110,00:08:04.800,00:08:05.300,14544,14559
111,00:08:05.300,00:08:17.033,14559,14911
112,00:08:17.033,00:08:17.533,14911,14926
113,00:08:17.533,00:09:53.200,14926,17796
114,00:09:53.200,00:10:00.667,17796,18020
115,00:10:00.667,00:10:01.167,18020,18035
116,00:10:01.167,00:10:11.200,18035,18336
117,00:10:11.200,00:10:13.767,18336,18413
118,00:10:13.767,00:10:16.400,18413,18492
119,00:10:16.400,00:10:18.333,18492,18550
120,00:10:18.333,00:10:19.933,18550,18598
121,00:10:19.933,00:10:20.867,18598,18626
122,00:10:20.867,00:10:21.367,18626,18641
123,00:10:21.367,00:10:21.867,18641,18656
124,00:10:21.867,00:10:24.133,18656,18724
125,00:10:24.133,00:10:24.633,18724,18739
126,00:10:24.633,00:10:25.133,18739,18754
127,00:10:25.133,00:10:26.267,18754,18788
128,00:10:26.267,00:10:26.833,18788,18805
129,00:10:26.833,00:10:27.333,18805,18820
130,00:10:27.333,00:10:29.767,18820,18893
131,00:10:29.767,00:10:30.700,18893,18921
132,00:10:30.700,00:10:31.200,18921,18936
133,00:10:31.200,00:10:32.300,18936,18969
134,00:10:32.300,00:10:34.400,18969,19032
135,00:10:34.400,00:10:35.267,19032,19058
136,00:10:35.267,00:11:19.800,19058,20394
137,00:11:19.800,00:15:01.033,20394,27031
138,00:15:01.033,00:15:49.967,27031,28499
139,00:15:49.967,00:15:50.467,28499,28514
140,00:15:50.467,00:15:55.000,28514,28650
141,00:15:55.000,00:15:55.500,28650,28665
142,00:15:55.500,00:15:56.000,28665,28680
143,00:15:56.000,00:15:56.500,28680,28695
144,00:15:56.500,00:16:44.633,28695,30139
145,00:16:44.633,00:17:11.867,30139,30956
146,00:17:11.867,00:17:21.133,30956,31234
147,00:17:21.133,00:17:52.900,31234,32187
148,00:17:52.900,00:18:15.233,32187,32857
149,00:18:15.233,00:18:19.167,32857,32975
150,00:18:19.167,00:18:19.733,32975,32992
151,00:18:19.733,00:18:21.267,32992,33038
152,00:18:21.267,00:18:23.567,33038,33107
153,00:18:23.567,00:18:24.133,33107,33124
154,00:18:24.133,00:18:24.867,33124,33146
155,00:18:24.867,00:18:27.000,33146,33210
156,00:18:27.000,00:18:28.800,33210,33264
157,00:18:28.800,00:18:30.033,33264,33301
158,00:18:30.033,00:18:30.533,33301,33316
159,00:18:30.533,00:18:31.033,33316,33331
160,00:18:31.033,00:18:31.700,33331,33351
161,00:18:31.700,00:18:32.267,33351,33368
162,00:18:32.267,00:18:32.767,33368,33383
163,00:18:32.767,00:18:33.267,33383,33398
164,00:18:33.267,00:18:33.833,33398,33415
165,00:18:33.833,00:18:34.400,33415,33432
166,00:18:34.400,00:18:35.067,33432,33452
167,00:18:35.067,00:18:35.900,33452,33477
168,00:18:35.900,00:18:36.433,33477,33493
169,00:18:36.433,00:18:37.100,33493,33513
170,00:18:37.100,00:18:37.633,33513,33529
171,00:18:37.633,00:18:38.267,33529,33548
172,00:18:38.267,00:18:38.867,33548,33566
173,00:18:38.867,00:18:39.500,33566,33585
174,00:18:39.500,00:18:40.633,33585,33619
175,00:18:40.633,00:18:41.600,33619,33648
176,00:18:41.600,00:18:42.200,33648,33666
177,00:18:42.200,00:18:42.967,33666,33689
178,00:18:42.967,00:18:43.667,33689,33710
179,00:18:43.667,00:18:44.533,33710,33736
180,00:18:44.533,00:18:45.267,33736,33758
181,00:18:45.267,00:18:45.933,33758,33778
182,00:18:45.933,00:18:46.933,33778,33808
183,00:18:46.933,00:18:47.500,33808,33825
184,00:18:47.500,00:18:48.067,33825,33842
185,00:18:48.067,00:18:48.633,33842,33859
186,00:18:48.633,00:18:49.133,33859,33874
187,00:18:49.133,00:18:49.633,33874,33889
188,00:18:49.633,00:18:50.233,33889,33907
189,00:18:50.233,00:18:50.733,33907,33922
190,00:18:50.733,00:18:51.233,33922,33937
191,00:18:51.233,00:18:51.733,33937,33952
192,00:18:51.733,00:18:52.267,33952,33968
193,00:18:52.267,00:18:52.767,33968,33983
194,00:18:52.767,00:18:53.267,33983,33998
195,00:18:53.267,00:18:53.767,33998,34013
196,00:18:53.767,00:18:54.267,34013,34028
197,00:18:54.267,00:18:54.800,34028,34044
198,00:18:54.800,00:18:55.300,34044,34059
199,00:18:55.300,00:18:55.800,34059,34074
200,00:18:55.800,00:18:56.300,34074,34089
201,00:18:56.300,00:18:56.933,34089,34108
202,00:18:56.933,00:18:57.467,34108,34124
203,00:18:57.467,00:18:57.967,34124,34139
204,00:18:57.967,00:18:58.500,34139,34155
205,00:18:58.500,00:18:59.067,34155,34172
206,00:18:59.067,00:18:59.733,34172,34192
207,00:18:59.733,00:19:00.233,34192,34207
208,00:19:00.233,00:19:00.767,34207,34223
209,00:19:00.767,00:19:01.267,34223,34238
210,00:19:01.267,00:19:01.767,34238,34253
211,00:19:01.767,00:19:02.267,34253,34268
212,00:19:02.267,00:19:02.767,34268,34283
213,00:19:02.767,00:19:03.267,34283,34298
214,00:19:03.267,00:19:03.867,34298,34316
215,00:19:03.867,00:19:04.400,34316,34332
216,00:19:04.400,00:19:04.900,34332,34347
217,00:19:04.900,00:19:05.400,34347,34362
218,00:19:05.400,00:19:05.900,34362,34377
219,00:19:05.900,00:19:06.400,34377,34392
220,00:19:06.400,00:19:06.933,34392,34408
221,00:19:06.933,00:19:07.767,34408,34433
222,00:19:07.767,00:19:08.300,34433,34449
223,00:19:08.300,00:19:08.800,34449,34464
224,00:19:08.800,00:19:09.533,34464,34486
225,00:19:09.533,00:19:10.600,34486,34518
226,00:19:10.600,00:19:11.200,34518,34536
227,00:19:11.200,00:19:11.867,34536,34556
228,00:19:11.867,00:19:12.433,34556,34573
229,00:19:12.433,00:19:12.967,34573,34589
230,00:19:12.967,00:19:13.667,34589,34610
231,00:19:13.667,00:19:14.967,34610,34649
232,00:19:14.967,00:19:15.700,34649,34671
233,00:19:15.700,00:19:16.267,34671,34688
234,00:19:16.267,00:19:16.833,34688,34705
235,00:19:16.833,00:19:18.100,34705,34743
236,00:19:18.100,00:19:18.633,34743,34759
237,00:19:18.633,00:19:19.633,34759,34789
238,00:19:19.633,00:19:20.433,34789,34813
239,00:19:20.433,00:19:21.200,34813,34836
240,00:19:21.200,00:19:22.000,34836,34860
241,00:19:22.000,00:19:22.867,34860,34886
242,00:19:22.867,00:19:23.867,34886,34916
243,00:19:23.867,00:19:24.767,34916,34943
244,00:19:24.767,00:19:25.600,34943,34968
245,00:19:25.600,00:19:26.467,34968,34994
246,00:19:26.467,00:19:27.200,34994,35016
247,00:19:27.200,00:19:28.667,35016,35060
248,00:19:28.667,00:19:29.433,35060,35083
249,00:19:29.433,00:19:30.167,35083,35105
250,00:19:30.167,00:19:30.800,35105,35124
251,00:19:30.800,00:19:31.467,35124,35144
252,00:19:31.467,00:19:34.800,35144,35244
253,00:19:34.800,00:19:35.500,35244,35265
254,00:19:35.500,00:19:38.900,35265,35367
255,00:19:38.900,00:19:39.600,35367,35388
256,00:19:39.600,00:19:41.867,35388,35456
257,00:19:41.867,00:19:43.000,35456,35490
258,00:19:43.000,00:19:43.667,35490,35510
259,00:19:43.667,00:19:46.600,35510,35598
260,00:19:46.600,00:19:47.100,35598,35613
261,00:19:47.100,00:19:47.800,35613,35634
262,00:19:47.800,00:19:51.167,35634,35735
263,00:19:51.167,00:19:51.900,35735,35757
264,00:19:51.900,00:19:54.033,35757,35821
265,00:19:54.033,00:19:55.267,35821,35858
266,00:19:55.267,00:19:56.000,35858,35880
267,00:19:56.000,00:19:58.533,35880,35956
268,00:19:58.533,00:19:59.400,35956,35982
269,00:19:59.400,00:20:00.100,35982,36003
270,00:20:00.100,00:20:00.767,36003,36023
271,00:20:00.767,00:20:01.900,36023,36057
272,00:20:01.900,00:20:02.700,36057,36081
273,00:20:02.700,00:20:03.233,36081,36097
274,00:20:03.233,00:20:03.767,36097,36113
275,00:20:03.767,00:20:04.267,36113,36128
276,00:20:04.267,00:20:04.833,36128,36145
277,00:20:04.833,00:20:05.333,36145,36160
278,00:20:05.333,00:20:05.833,36160,36175
279,00:20:05.833,00:20:06.333,36175,36190
280,00:20:06.333,00:20:06.833,36190,36205
281,00:20:06.833,00:20:19.233,36205,36577
282,00:20:19.233,00:20:19.900,36577,36597
283,00:20:19.900,00:20:23.933,36597,36718
284,00:20:23.933,00:20:25.067,36718,36752
285,00:20:25.067,00:20:28.200,36752,36846
286,00:20:28.200,00:20:32.300,36846,36969
287,00:20:32.300,00:21:10.700,36969,38121
288,00:21:10.700,00:21:11.500,38121,38145
289,00:21:11.500,00:21:12.467,38145,38174
290,00:21:12.467,00:21:13.767,38174,38213
291,00:21:13.767,00:21:15.033,38213,38251
292,00:21:15.033,00:21:16.033,38251,38281
293,00:21:16.033,00:21:16.567,38281,38297
294,00:21:16.567,00:21:19.667,38297,38390
295,00:21:19.667,00:21:21.200,38390,38436
296,00:21:21.200,00:21:31.200,38436,38736
297,00:21:31.200,00:21:31.700,38736,38751
298,00:21:31.700,00:21:32.333,38751,38770
299,00:21:32.333,00:21:43.133,38770,39094
300,00:21:43.133,00:21:43.633,39094,39109
301,00:21:43.633,00:21:44.400,39109,39132
302,00:21:44.400,00:21:44.933,39132,39148
303,00:21:44.933,00:21:45.433,39148,39163
304,00:21:45.433,00:21:46.033,39163,39181
305,00:21:46.033,00:21:46.567,39181,39197
306,00:21:46.567,00:21:47.333,39197,39220
307,00:21:47.333,00:21:47.867,39220,39236
308,00:21:47.867,00:21:48.367,39236,39251
309,00:21:48.367,00:21:49.000,39251,39270
310,00:21:49.000,00:21:49.533,39270,39286
311,00:21:49.533,00:21:50.400,39286,39312
312,00:21:50.400,00:21:50.967,39312,39329
313,00:21:50.967,00:21:51.533,39329,39346
314,00:21:51.533,00:21:52.400,39346,39372
315,00:21:52.400,00:21:53.300,39372,39399
316,00:21:53.300,00:21:53.800,39399,39414
317,00:21:53.800,00:21:54.333,39414,39430
318,00:21:54.333,00:21:54.833,39430,39445
319,00:21:54.833,00:21:55.400,39445,39462
320,00:21:55.400,00:21:56.433,39462,39493
321,00:21:56.433,00:21:57.233,39493,39517
322,00:21:57.233,00:21:57.967,39517,39539
323,00:21:57.967,00:21:58.533,39539,39556
324,00:21:58.533,00:21:59.867,39556,39596
325,00:21:59.867,00:22:00.400,39596,39612
326,00:22:00.400,00:22:00.933,39612,39628
327,00:22:00.933,00:22:01.533,39628,39646
328,00:22:01.533,00:22:02.033,39646,39661
329,00:22:02.033,00:22:02.567,39661,39677
330,00:22:02.567,00:22:03.067,39677,39692
331,00:22:03.067,00:22:03.567,39692,39707
332,00:22:03.567,00:22:04.233,39707,39727
333,00:22:04.233,00:22:05.100,39727,39753
334,00:22:05.100,00:22:05.633,39753,39769
335,00:22:05.633,00:22:06.133,39769,39784
336,00:22:06.133,00:22:06.767,39784,39803
337,00:22:06.767,00:22:07.433,39803,39823
338,00:22:07.433,00:23:19.133,39823,41974
339,00:23:19.133,00:24:56.467,41974,44894
340,00:24:56.467,00:24:57.700,44894,44931
341,00:24:57.700,00:24:59.767,44931,44993
342,00:24:59.767,00:25:00.300,44993,45009
343,00:25:00.300,00:25:00.933,45009,45028
344,00:25:00.933,00:25:01.433,45028,45043
345,00:25:01.433,00:25:02.033,45043,45061
346,00:25:02.033,00:25:02.633,45061,45079
347,00:25:02.633,00:25:03.367,45079,45101
348,00:25:03.367,00:25:04.433,45101,45133
349,00:25:04.433,00:25:04.967,45133,45149
350,00:25:04.967,00:25:05.533,45149,45166
351,00:25:05.533,00:25:06.233,45166,45187
352,00:25:06.233,00:25:06.833,45187,45205
353,00:25:06.833,00:25:07.433,45205,45223
354,00:25:07.433,00:25:08.033,45223,45241
355,00:25:08.033,00:25:08.533,45241,45256
356,00:25:08.533,00:25:09.133,45256,45274
357,00:25:09.133,00:25:09.833,45274,45295
358,00:25:09.833,00:25:10.533,45295,45316
359,00:25:10.533,00:25:12.233,45316,45367
360,00:25:12.233,00:25:12.833,45367,45385
361,00:25:12.833,00:25:13.567,45385,45407
362,00:25:13.567,00:25:14.633,45407,45439
363,00:25:14.633,00:25:15.333,45439,45460
364,00:25:15.333,00:25:15.833,45460,45475
365,00:25:15.833,00:25:16.433,45475,45493
366,00:25:16.433,00:25:16.933,45493,45508
367,00:25:16.933,00:25:17.800,45508,45534
368,00:25:17.800,00:25:18.467,45534,45554
369,00:25:18.467,00:25:25.200,45554,45756
370,00:25:25.200,00:25:26.533,45756,45796
371,00:25:26.533,00:26:34.367,45796,47831
372,00:26:34.367,00:26:35.400,47831,47862
373,00:26:35.400,00:27:11.700,47862,48951
374,00:27:11.700,00:27:15.733,48951,49072
375,00:27:15.733,00:27:16.900,49072,49107
376,00:27:16.900,00:27:18.067,49107,49142
377,00:27:18.067,00:27:18.733,49142,49162
378,00:27:18.733,00:27:19.333,49162,49180
379,00:27:19.333,00:27:20.200,49180,49206
380,00:27:20.200,00:27:21.400,49206,49242
381,00:27:21.400,00:27:22.300,49242,49269
382,00:27:22.300,00:27:23.000,49269,49290
383,00:27:23.000,00:27:23.567,49290,49307
384,00:27:23.567,00:27:24.700,49307,49341
385,00:27:24.700,00:27:25.867,49341,49376
386,00:27:25.867,00:27:26.767,49376,49403
387,00:27:26.767,00:27:27.333,49403,49420
388,00:27:27.333,00:27:28.200,49420,49446
389,00:27:28.200,00:27:28.800,49446,49464
390,00:27:28.800,00:27:29.300,49464,49479
391,00:27:29.300,00:27:30.300,49479,49509
392,00:27:30.300,00:27:31.267,49509,49538
393,00:27:31.267,00:27:32.033,49538,49561
394,00:27:32.033,00:27:32.633,49561,49579
395,00:27:32.633,00:27:33.667,49579,49610
396,00:27:33.667,00:27:52.967,49610,50189
397,00:27:52.967,00:27:58.133,50189,50344
398,00:27:58.133,00:28:03.033,50344,50491
399,00:28:03.033,00:28:05.867,50491,50576
400,00:28:05.867,00:28:07.800,50576,50634
401,00:28:07.800,00:28:10.767,50634,50723
402,00:28:10.767,00:28:19.667,50723,50990
403,00:28:19.667,00:28:20.167,50990,51005
404,00:28:20.167,00:28:21.633,51005,51049
405,00:28:21.633,00:28:25.533,51049,51166
406,00:28:25.533,00:28:50.567,51166,51917
407,00:28:50.567,00:28:51.100,51917,51933
408,00:28:51.100,00:28:51.600,51933,51948
409,00:28:51.600,00:28:52.200,51948,51966
410,00:28:52.200,00:28:54.633,51966,52039
411,00:28:54.633,00:28:55.133,52039,52054
412,00:28:55.133,00:28:55.633,52054,52069
413,00:28:55.633,00:28:56.167,52069,52085
414,00:28:56.167,00:28:56.667,52085,52100
415,00:28:56.667,00:28:59.300,52100,52179
416,00:28:59.300,00:29:02.667,52179,52280
417,00:29:02.667,00:29:05.100,52280,52353
418,00:29:05.100,00:29:06.500,52353,52395
419,00:29:06.500,00:29:11.667,52395,52550
420,00:29:11.667,00:29:13.000,52550,52590
421,00:29:13.000,00:29:13.500,52590,52605
422,00:29:13.500,00:29:14.000,52605,52620
423,00:29:14.000,00:29:14.533,52620,52636
424,00:29:14.533,00:29:15.033,52636,52651
425,00:29:15.033,00:29:15.633,52651,52669
426,00:29:15.633,00:29:16.467,52669,52694
427,00:29:16.467,00:29:17.333,52694,52720
428,00:29:17.333,00:29:17.833,52720,52735
429,00:29:17.833,00:29:18.433,52735,52753
430,00:29:18.433,00:29:19.300,52753,52779
431,00:29:19.300,00:29:19.933,52779,52798
432,00:29:19.933,00:29:20.433,52798,52813
433,00:29:20.433,00:29:20.967,52813,52829
434,00:29:20.967,00:29:21.467,52829,52844
435,00:29:21.467,00:29:22.000,52844,52860
436,00:29:22.000,00:29:22.500,52860,52875
437,00:29:22.500,00:29:23.000,52875,52890
438,00:29:23.000,00:29:23.733,52890,52912
439,00:29:23.733,00:29:24.267,52912,52928
440,00:29:24.267,00:29:51.100,52928,53733
441,00:29:51.100,00:30:06.733,53733,54202
442,00:30:06.733,00:30:07.500,54202,54225
443,00:30:07.500,00:30:08.033,54225,54241
444,00:30:08.033,00:30:09.400,54241,54282
445,00:30:09.400,00:30:09.900,54282,54297
446,00:30:09.900,00:30:10.400,54297,54312
447,00:30:10.400,00:30:10.900,54312,54327
448,00:30:10.900,00:30:11.567,54327,54347
449,00:30:11.567,00:30:12.400,54347,54372
450,00:30:12.400,00:30:13.167,54372,54395
451,00:30:13.167,00:30:14.733,54395,54442
452,00:30:14.733,00:30:15.433,54442,54463
453,00:30:15.433,00:30:15.933,54463,54478
454,00:30:15.933,00:30:16.433,54478,54493
455,00:30:16.433,00:30:16.933,54493,54508
456,00:30:16.933,00:30:17.600,54508,54528
457,00:30:17.600,00:30:18.200,54528,54546
458,00:30:18.200,00:30:18.767,54546,54563
459,00:30:18.767,00:30:19.267,54563,54578
460,00:30:19.267,00:30:19.767,54578,54593
461,00:30:19.767,00:30:20.467,54593,54614
462,00:30:20.467,00:30:21.000,54614,54630
463,00:30:21.000,00:30:21.500,54630,54645
464,00:30:21.500,00:30:22.000,54645,54660
465,00:30:22.000,00:30:22.500,54660,54675
466,00:30:22.500,00:30:23.100,54675,54693
467,00:30:23.100,00:30:23.600,54693,54708
468,00:30:23.600,00:30:24.200,54708,54726
469,00:30:24.200,00:30:24.700,54726,54741
470,00:30:24.700,00:30:25.600,54741,54768
471,00:30:25.600,00:30:29.933,54768,54898
472,00:30:29.933,00:30:31.200,54898,54936
473,00:30:31.200,00:30:37.333,54936,55120
474,00:30:37.333,00:30:44.933,55120,55348
475,00:30:44.933,00:30:47.400,55348,55422
476,00:30:47.400,00:30:47.900,55422,55437
477,00:30:47.900,00:30:48.533,55437,55456
478,00:30:48.533,00:30:49.033,55456,55471
479,00:30:49.033,00:30:49.667,55471,55490
480,00:30:49.667,00:30:50.433,55490,55513
481,00:30:50.433,00:30:51.033,55513,55531
482,00:30:51.033,00:30:51.600,55531,55548
483,00:30:51.600,00:30:52.533,55548,55576
484,00:30:52.533,00:30:53.267,55576,55598
485,00:30:53.267,00:30:56.000,55598,55680
486,00:30:56.000,00:30:59.400,55680,55782
487,00:30:59.400,00:31:01.200,55782,55836
488,00:31:01.200,00:31:04.000,55836,55920
489,00:31:04.000,00:31:09.200,55920,56076
490,00:31:09.200,00:31:10.467,56076,56114
491,00:31:10.467,00:31:11.067,56114,56132
492,00:31:11.067,00:31:11.833,56132,56155
493,00:31:11.833,00:31:17.200,56155,56316
494,00:31:17.200,00:31:17.700,56316,56331
495,00:31:17.700,00:31:20.133,56331,56404
496,00:31:20.133,00:31:23.933,56404,56518
497,00:31:23.933,00:31:28.967,56518,56669
498,00:31:28.967,00:31:32.900,56669,56787
499,00:31:32.900,00:31:34.933,56787,56848
500,00:31:34.933,00:31:37.867,56848,56936
501,00:31:37.867,00:31:40.867,56936,57026
502,00:31:40.867,00:31:41.900,57026,57057
503,00:31:41.900,00:31:56.267,57057,57488
504,00:31:56.267,00:32:14.600,57488,58038
505,00:32:14.600,00:32:15.100,58038,58053
506,00:32:15.100,00:32:15.600,58053,58068
507,00:32:15.600,00:32:16.100,58068,58083
508,00:32:16.100,00:32:16.733,58083,58102
509,00:32:16.733,00:32:17.333,58102,58120
510,00:32:17.333,00:32:17.833,58120,58135
511,00:32:17.833,00:32:18.400,58135,58152
512,00:32:18.400,00:32:21.333,58152,58240
513,00:32:21.333,00:32:24.300,58240,58329
514,00:32:24.300,00:32:25.067,58329,58352
515,00:32:25.067,00:32:29.767,58352,58493
516,00:32:29.767,00:32:30.400,58493,58512
517,00:32:30.400,00:32:31.033,58512,58531
518,00:32:31.033,00:32:31.667,58531,58550
519,00:32:31.667,00:32:32.400,58550,58572
520,00:32:32.400,00:32:37.800,58572,58734
521,00:32:37.800,00:32:38.433,58734,58753
522,00:32:38.433,00:32:39.033,58753,58771
523,00:32:39.033,00:32:39.667,58771,58790
524,00:32:39.667,00:32:44.967,58790,58949
525,00:32:44.967,00:32:45.733,58949,58972
526,00:32:45.733,00:32:48.067,58972,59042
527,00:32:48.067,00:32:59.267,59042,59378
528,00:32:59.267,00:33:00.167,59378,59405
529,00:33:00.167,00:33:00.700,59405,59421
530,00:33:00.700,00:33:01.300,59421,59439
531,00:33:01.300,00:33:01.800,59439,59454
532,00:33:01.800,00:33:02.500,59454,59475
533,00:33:02.500,00:33:03.500,59475,59505
534,00:33:03.500,00:33:04.067,59505,59522
535,00:33:04.067,00:33:04.633,59522,59539
536,00:33:04.633,00:33:05.133,59539,59554
537,00:33:05.133,00:33:05.633,59554,59569
538,00:33:05.633,00:33:06.600,59569,59598
539,00:33:06.600,00:33:07.533,59598,59626
540,00:33:07.533,00:33:08.033,59626,59641
541,00:33:08.033,00:33:08.800,59641,59664
542,00:33:08.800,00:33:10.300,59664,59709
543,00:33:10.300,00:33:10.833,59709,59725
544,00:33:10.833,00:33:13.033,59725,59791
545,00:33:13.033,00:33:13.933,59791,59818
546,00:33:13.933,00:33:44.567,59818,60737
547,00:33:44.567,00:33:45.333,60737,60760
548,00:33:45.333,00:34:28.933,60760,62068
549,00:34:28.933,00:34:36.333,62068,62290
550,00:34:36.333,00:34:42.733,62290,62482
551,00:34:42.733,00:34:48.033,62482,62641
552,00:34:48.033,00:35:08.167,62641,63245
553,00:35:08.167,00:35:11.033,63245,63331
554,00:35:11.033,00:35:14.133,63331,63424
555,00:35:14.133,00:35:14.933,63424,63448
556,00:35:14.933,00:35:15.633,63448,63469
557,00:35:15.633,00:35:23.133,63469,63694
558,00:35:23.133,00:35:26.633,63694,63799
559,00:35:26.633,00:35:27.333,63799,63820
560,00:35:27.333,00:35:27.833,63820,63835
561,00:35:27.833,00:35:28.667,63835,63860
562,00:35:28.667,00:35:29.167,63860,63875
563,00:35:29.167,00:35:29.967,63875,63899
564,00:35:29.967,00:35:30.467,63899,63914
565,00:35:30.467,00:35:31.100,63914,63933
566,00:35:31.100,00:35:31.600,63933,63948
567,00:35:31.600,00:35:40.467,63948,64214
568,00:35:40.467,00:35:41.000,64214,64230
569,00:35:41.000,00:35:41.567,64230,64247
570,00:35:41.567,00:35:43.333,64247,64300
571,00:35:43.333,00:35:47.900,64300,64437
572,00:35:47.900,00:35:51.500,64437,64545
573,00:35:51.500,00:35:58.367,64545,64751
574,00:35:58.367,00:35:59.533,64751,64786
575,00:35:59.533,00:36:00.300,64786,64809
576,00:36:00.300,00:36:01.433,64809,64843
577,00:36:01.433,00:36:01.933,64843,64858
578,00:36:01.933,00:36:02.467,64858,64874
579,00:36:02.467,00:36:06.467,64874,64994
580,00:36:06.467,00:36:11.733,64994,65152
581,00:36:11.733,00:36:13.767,65152,65213
582,00:36:13.767,00:36:14.733,65213,65242
583,00:36:14.733,00:36:15.300,65242,65259
584,00:36:15.300,00:36:15.800,65259,65274
585,00:36:15.800,00:36:16.300,65274,65289
586,00:36:16.300,00:36:16.800,65289,65304
587,00:36:16.800,00:36:17.333,65304,65320
588,00:36:17.333,00:36:17.833,65320,65335
589,00:36:17.833,00:36:18.367,65335,65351
590,00:36:18.367,00:36:18.867,65351,65366
591,00:36:18.867,00:36:19.400,65366,65382
592,00:36:19.400,00:36:19.900,65382,65397
593,00:36:19.900,00:36:20.400,65397,65412
594,00:36:20.400,00:36:20.933,65412,65428
595,00:36:20.933,00:36:21.433,65428,65443
596,00:36:21.433,00:36:21.967,65443,65459
597,00:36:21.967,00:36:22.500,65459,65475
598,00:36:22.500,00:36:23.000,65475,65490
599,00:36:23.000,00:36:23.533,65490,65506
600,00:36:23.533,00:36:24.033,65506,65521
601,00:36:24.033,00:36:24.567,65521,65537
602,00:36:24.567,00:36:25.067,65537,65552
603,00:36:25.067,00:36:25.600,65552,65568
604,00:36:25.600,00:36:26.100,65568,65583
605,00:36:26.100,00:36:26.767,65583,65603
606,00:36:26.767,00:36:27.300,65603,65619
607,00:36:27.300,00:36:27.800,65619,65634
608,00:36:27.800,00:36:28.500,65634,65655
609,00:36:28.500,00:36:29.000,65655,65670
610,00:36:29.000,00:36:29.533,65670,65686
611,00:36:29.533,00:36:30.033,65686,65701
612,00:36:30.033,00:36:30.567,65701,65717
613,00:36:30.567,00:36:31.067,65717,65732
614,00:36:31.067,00:36:31.600,65732,65748
615,00:36:31.600,00:36:32.100,65748,65763
616,00:36:32.100,00:36:32.667,65763,65780
617,00:36:32.667,00:36:33.500,65780,65805
618,00:36:33.500,00:36:34.133,65805,65824
619,00:36:34.133,00:36:34.633,65824,65839
620,00:36:34.633,00:36:35.133,65839,65854
621,00:36:35.133,00:36:35.633,65854,65869
622,00:36:35.633,00:36:36.167,65869,65885
623,00:36:36.167,00:36:36.700,65885,65901
624,00:36:36.700,00:36:37.300,65901,65919
625,00:36:37.300,00:36:37.900,65919,65937
626,00:36:37.900,00:36:38.400,65937,65952
627,00:36:38.400,00:36:38.933,65952,65968
628,00:36:38.933,00:36:39.533,65968,65986
629,00:36:39.533,00:36:40.067,65986,66002
630,00:36:40.067,00:36:40.933,66002,66028
631,00:36:40.933,00:36:41.500,66028,66045
632,00:36:41.500,00:36:42.067,66045,66062
633,00:36:42.067,00:36:43.100,66062,66093
634,00:36:43.100,00:36:44.000,66093,66120
635,00:36:44.000,00:36:44.500,66120,66135
636,00:36:44.500,00:36:45.033,66135,66151
637,00:36:45.033,00:36:45.533,66151,66166
638,00:36:45.533,00:36:46.067,66166,66182
639,00:36:46.067,00:36:46.567,66182,66197
640,00:36:46.567,00:36:47.100,66197,66213
641,00:36:47.100,00:36:47.600,66213,66228
642,00:36:47.600,00:36:48.133,66228,66244
643,00:36:48.133,00:36:48.633,66244,66259
644,00:36:48.633,00:36:49.167,66259,66275
645,00:36:49.167,00:36:49.667,66275,66290
646,00:36:49.667,00:36:50.200,66290,66306
647,00:36:50.200,00:36:53.833,66306,66415
648,00:36:53.833,00:36:54.400,66415,66432
649,00:36:54.400,00:36:54.900,66432,66447
650,00:36:54.900,00:36:55.433,66447,66463
651,00:36:55.433,00:36:55.933,66463,66478
652,00:36:55.933,00:36:56.500,66478,66495
653,00:36:56.500,00:36:57.000,66495,66510
654,00:36:57.000,00:36:57.533,66510,66526
655,00:36:57.533,00:36:58.533,66526,66556
656,00:36:58.533,00:36:59.200,66556,66576
657,00:36:59.200,00:36:59.733,66576,66592
658,00:36:59.733,00:37:00.467,66592,66614
659,00:37:00.467,00:37:00.967,66614,66629
660,00:37:00.967,00:37:01.467,66629,66644
661,00:37:01.467,00:37:01.967,66644,66659
662,00:37:01.967,00:37:07.200,66659,66816
663,00:37:07.200,00:37:12.167,66816,66965
664,00:37:12.167,00:37:21.667,66965,67250
665,00:37:21.667,00:37:34.700,67250,67641
666,00:37:34.700,00:37:53.533,67641,68206
667,00:37:53.533,00:37:54.033,68206,68221
668,00:37:54.033,00:37:56.000,68221,68280
669,00:37:56.000,00:37:56.500,68280,68295
670,00:37:56.500,00:38:08.200,68295,68646
671,00:38:08.200,00:38:08.700,68646,68661
672,00:38:08.700,00:38:09.200,68661,68676
673,00:38:09.200,00:38:21.967,68676,69059
674,00:38:21.967,00:38:22.467,69059,69074
675,00:38:22.467,00:38:24.033,69074,69121
676,00:38:24.033,00:38:29.600,69121,69288
677,00:38:29.600,00:38:30.100,69288,69303
678,00:38:30.100,00:38:30.700,69303,69321
679,00:38:30.700,00:38:33.633,69321,69409
680,00:38:33.633,00:38:34.133,69409,69424
681,00:38:34.133,00:38:38.167,69424,69545
682,00:38:38.167,00:38:38.667,69545,69560
683,00:38:38.667,00:38:45.567,69560,69767
684,00:38:45.567,00:38:48.333,69767,69850
685,00:38:48.333,00:38:58.233,69850,70147
686,00:38:58.233,00:38:58.767,70147,70163
687,00:38:58.767,00:39:08.300,70163,70449
688,00:39:08.300,00:39:28.500,70449,71055
689,00:39:28.500,00:40:50.500,71055,73515
690,00:40:50.500,00:40:52.833,73515,73585
691,00:40:52.833,00:40:53.333,73585,73600
692,00:40:53.333,00:40:56.400,73600,73692
693,00:40:56.400,00:40:58.833,73692,73765
694,00:40:58.833,00:40:59.333,73765,73780
695,00:40:59.333,00:41:01.500,73780,73845
696,00:41:01.500,00:41:06.567,73845,73997
697,00:41:06.567,00:41:07.467,73997,74024
698,00:41:07.467,00:42:20.567,74024,76217
699,00:42:20.567,00:42:21.500,76217,76245
700,00:42:21.500,00:42:22.000,76245,76260
701,00:42:22.000,00:42:25.767,76260,76373
702,00:42:25.767,00:46:17.267,76373,83318
703,00:46:17.267,00:46:22.967,83318,83489
704,00:46:22.967,00:46:25.700,83489,83571
705,00:46:25.700,00:46:26.200,83571,83586
706,00:46:26.200,00:46:26.700,83586,83601
707,00:46:26.700,00:46:28.833,83601,83665
708,00:46:28.833,00:46:37.133,83665,83914
709,00:46:37.133,00:46:41.033,83914,84031
710,00:46:41.033,00:48:23.133,84031,87094
711,00:48:23.133,00:49:06.667,87094,88400
712,00:49:06.667,00:49:45.533,88400,89566
713,00:49:45.533,00:49:46.033,89566,89581
714,00:49:46.033,00:52:17.800,89581,94134
715,00:52:17.800,00:52:32.533,94134,94576
716,00:52:32.533,00:52:33.033,94576,94591
717,00:52:33.033,00:52:34.900,94591,94647
718,00:52:34.900,00:52:35.400,94647,94662
719,00:52:35.400,00:52:36.433,94662,94693
720,00:52:36.433,00:52:37.933,94693,94738
721,00:52:37.933,00:52:39.133,94738,94774
722,00:52:39.133,00:52:42.033,94774,94861
723,00:52:42.033,00:52:42.867,94861,94886
724,00:52:42.867,00:52:44.067,94886,94922
725,00:52:44.067,00:52:44.567,94922,94937
726,00:52:44.567,00:54:03.433,94937,97303
727,00:54:03.433,00:54:03.933,97303,97318
728,00:54:03.933,00:58:51.333,97318,105940
729,00:58:51.333,00:59:16.567,105940,106697
730,00:59:16.567,00:59:17.067,106697,106712
731,00:59:17.067,00:59:18.000,106712,106740
732,00:59:18.000,01:00:10.900,106740,108327
733,01:00:10.900,01:01:31.267,108327,110738
734,01:01:31.267,01:01:33.533,110738,110806
735,01:01:33.533,01:02:21.600,110806,112248
736,01:02:21.600,01:03:35.800,112248,114474
737,01:03:35.800,01:03:44.433,114474,114733
738,01:03:44.433,01:03:47.867,114733,114836
739,01:03:47.867,01:05:01.067,114836,117032
740,01:05:01.067,01:05:03.700,117032,117111
741,01:05:03.700,01:05:05.933,117111,117178
742,01:05:05.933,01:05:09.800,117178,117294
743,01:05:09.800,01:05:11.333,117294,117340
744,01:05:11.333,01:05:14.500,117340,117435
745,01:05:14.500,01:07:29.333,117435,121480
746,01:07:29.333,01:07:30.200,121480,121506
747,01:07:30.200,01:07:32.167,121506,121565
748,01:07:32.167,01:07:32.667,121565,121580
749,01:07:32.667,01:07:35.800,121580,121674
750,01:07:35.800,01:07:39.133,121674,121774
751,01:07:39.133,01:07:40.500,121774,121815
752,01:07:40.500,01:07:54.700,121815,122241
753,01:07:54.700,01:08:26.933,122241,123208
754,01:08:26.933,01:08:28.067,123208,123242
755,01:08:28.067,01:08:38.167,123242,123545
756,01:08:38.167,01:08:38.667,123545,123560
757,01:08:38.667,01:08:39.833,123560,123595
758,01:08:39.833,01:08:40.667,123595,123620
759,01:08:40.667,01:08:42.033,123620,123661
760,01:08:42.033,01:08:43.067,123661,123692
761,01:08:43.067,01:08:46.300,123692,123789
762,01:08:46.300,01:08:46.900,123789,123807
763,01:08:46.900,01:08:47.400,123807,123822
764,01:08:47.400,01:08:48.633,123822,123859
765,01:08:48.633,01:08:53.900,123859,124017
766,01:08:53.900,01:08:55.200,124017,124056
767,01:08:55.200,01:08:55.700,124056,124071
768,01:08:55.700,01:08:56.567,124071,124097
769,01:08:56.567,01:08:57.800,124097,124134
770,01:08:57.800,01:08:59.167,124134,124175
771,01:08:59.167,01:09:03.567,124175,124307
772,01:09:03.567,01:09:04.933,124307,124348
773,01:09:04.933,01:09:05.467,124348,124364
774,01:09:05.467,01:09:06.000,124364,124380
775,01:09:06.000,01:09:06.567,124380,124397
776,01:09:06.567,01:09:07.067,124397,124412
777,01:09:07.067,01:09:07.567,124412,124427
778,01:09:07.567,01:09:08.067,124427,124442
779,01:09:08.067,01:09:08.567,124442,124457
780,01:09:08.567,01:09:09.133,124457,124474
781,01:09:09.133,01:09:09.667,124474,124490
782,01:09:09.667,01:09:10.233,124490,124507
783,01:09:10.233,01:09:10.733,124507,124522
784,01:09:10.733,01:09:11.233,124522,124537
785,01:09:11.233,01:09:11.733,124537,124552
786,01:09:11.733,01:09:12.300,124552,124569
787,01:09:12.300,01:09:12.800,124569,124584
788,01:09:12.800,01:09:13.333,124584,124600
789,01:09:13.333,01:09:13.900,124600,124617
790,01:09:13.900,01:09:14.400,124617,124632
791,01:09:14.400,01:09:14.900,124632,124647
792,01:09:14.900,01:09:15.400,124647,124662
793,01:09:15.400,01:09:15.900,124662,124677
794,01:09:15.900,01:09:16.467,124677,124694
795,01:09:16.467,01:09:16.967,124694,124709
796,01:09:16.967,01:09:18.033,124709,124741
797,01:09:18.033,01:09:18.800,124741,124764
798,01:09:18.800,01:09:19.367,124764,124781
799,01:09:19.367,01:09:20.000,124781,124800
800,01:09:20.000,01:09:20.533,124800,124816
801,01:09:20.533,01:09:21.067,124816,124832
802,01:09:21.067,01:09:21.867,124832,124856
803,01:09:21.867,01:09:22.500,124856,124875
804,01:09:22.500,01:09:23.133,124875,124894
805,01:09:23.133,01:09:23.633,124894,124909
806,01:09:23.633,01:09:24.200,124909,124926
807,01:09:24.200,01:09:24.933,124926,124948
808,01:09:24.933,01:09:25.833,124948,124975
809,01:09:25.833,01:09:26.333,124975,124990
810,01:09:26.333,01:09:27.033,124990,125011
811,01:09:27.033,01:09:27.900,125011,125037
812,01:09:27.900,01:09:28.433,125037,125053
813,01:09:28.433,01:09:29.000,125053,125070
814,01:09:29.000,01:09:29.967,125070,125099
815,01:09:29.967,01:09:36.167,125099,125285
816,01:09:36.167,01:09:37.233,125285,125317
817,01:09:37.233,01:09:38.833,125317,125365
818,01:09:38.833,01:09:45.000,125365,125550
819,01:09:45.000,01:09:49.800,125550,125694
820,01:09:49.800,01:09:50.467,125694,125714
821,01:09:50.467,01:09:51.367,125714,125741
822,01:09:51.367,01:09:51.933,125741,125758
823,01:09:51.933,01:09:52.633,125758,125779
824,01:09:52.633,01:09:53.567,125779,125807
825,01:09:53.567,01:09:54.067,125807,125822
826,01:09:54.067,01:09:54.933,125822,125848
827,01:09:54.933,01:09:55.533,125848,125866
828,01:09:55.533,01:09:56.433,125866,125893
829,01:09:56.433,01:09:57.000,125893,125910
830,01:09:57.000,01:09:57.533,125910,125926
831,01:09:57.533,01:09:58.033,125926,125941
832,01:09:58.033,01:10:01.267,125941,126038
833,01:10:01.267,01:10:02.100,126038,126063
834,01:10:02.100,01:10:02.600,126063,126078
835,01:10:02.600,01:10:03.267,126078,126098
836,01:10:03.267,01:10:03.900,126098,126117
837,01:10:03.900,01:10:12.333,126117,126370
838,01:10:12.333,01:10:13.867,126370,126416
839,01:10:13.867,01:10:14.600,126416,126438
840,01:10:14.600,01:10:15.300,126438,126459
841,01:10:15.300,01:10:16.400,126459,126492
842,01:10:16.400,01:10:17.400,126492,126522
843,01:10:17.400,01:10:18.033,126522,126541
844,01:10:18.033,01:10:20.600,126541,126618
845,01:10:20.600,01:10:21.500,126618,126645
846,01:10:21.500,01:10:22.233,126645,126667
847,01:10:22.233,01:10:22.733,126667,126682
848,01:10:22.733,01:10:23.833,126682,126715
849,01:10:23.833,01:10:24.800,126715,126744
850,01:10:24.800,01:10:25.567,126744,126767
851,01:10:25.567,01:10:26.300,126767,126789
852,01:10:26.300,01:10:27.567,126789,126827
853,01:10:27.567,01:10:28.067,126827,126842
854,01:10:28.067,01:10:28.800,126842,126864
855,01:10:28.800,01:10:34.900,126864,127047
856,01:10:34.900,01:10:38.300,127047,127149
857,01:10:38.300,01:10:38.833,127149,127165
858,01:10:38.833,01:10:48.833,127165,127465
859,01:10:48.833,01:10:49.400,127465,127482
860,01:10:49.400,01:10:49.933,127482,127498
861,01:10:49.933,01:10:50.433,127498,127513
862,01:10:50.433,01:10:51.133,127513,127534
863,01:10:51.133,01:10:51.667,127534,127550
864,01:10:51.667,01:10:52.167,127550,127565
865,01:10:52.167,01:10:52.700,127565,127581
866,01:10:52.700,01:10:53.733,127581,127612
867,01:10:53.733,01:10:54.233,127612,127627
868,01:10:54.233,01:10:54.733,127627,127642
869,01:10:54.733,01:10:55.467,127642,127664
870,01:10:55.467,01:10:56.100,127664,127683
871,01:10:56.100,01:10:56.733,127683,127702
872,01:10:56.733,01:10:57.367,127702,127721
873,01:10:57.367,01:10:58.300,127721,127749
874,01:10:58.300,01:10:58.867,127749,127766
875,01:10:58.867,01:10:59.400,127766,127782
876,01:10:59.400,01:11:00.633,127782,127819
877,01:11:00.633,01:11:01.133,127819,127834
878,01:11:01.133,01:11:01.633,127834,127849
879,01:11:01.633,01:11:03.167,127849,127895
880,01:11:03.167,01:11:03.667,127895,127910
881,01:11:03.667,01:11:04.400,127910,127932
882,01:11:04.400,01:11:05.467,127932,127964
883,01:11:05.467,01:11:06.767,127964,128003
884,01:11:06.767,01:11:07.300,128003,128019
885,01:11:07.300,01:11:07.867,128019,128036
886,01:11:07.867,01:11:08.600,128036,128058
887,01:11:08.600,01:11:09.200,128058,128076
888,01:11:09.200,01:11:09.700,128076,128091
889,01:11:09.700,01:11:10.367,128091,128111
890,01:11:10.367,01:11:10.900,128111,128127
891,01:11:10.900,01:11:11.433,128127,128143
892,01:11:11.433,01:11:11.933,128143,128158
893,01:11:11.933,01:11:12.433,128158,128173
894,01:11:12.433,01:11:12.933,128173,128188
895,01:11:12.933,01:11:13.467,128188,128204
896,01:11:13.467,01:11:13.967,128204,128219
897,01:11:13.967,01:11:14.733,128219,128242
898,01:11:14.733,01:11:15.300,128242,128259
899,01:11:15.300,01:11:19.000,128259,128370
900,01:11:19.000,01:11:19.533,128370,128386
901,01:11:19.533,01:11:35.267,128386,128858
902,01:11:35.267,01:11:41.400,128858,129042
903,01:11:41.400,01:11:50.867,129042,129326
904,01:11:50.867,01:11:51.633,129326,129349
905,01:11:51.633,01:12:00.367,129349,129611
906,01:12:00.367,01:12:01.567,129611,129647
907,01:12:01.567,01:12:02.067,129647,129662
908,01:12:02.067,01:12:02.633,129662,129679
909,01:12:02.633,01:12:03.133,129679,129694
910,01:12:03.133,01:12:03.633,129694,129709
911,01:12:03.633,01:12:04.133,129709,129724
912,01:12:04.133,01:12:05.067,129724,129752
913,01:12:05.067,01:12:05.600,129752,129768
914,01:12:05.600,01:12:06.100,129768,129783
915,01:12:06.100,01:12:06.733,129783,129802
916,01:12:06.733,01:12:07.267,129802,129818
917,01:12:07.267,01:12:07.800,129818,129834
918,01:12:07.800,01:12:08.300,129834,129849
919,01:12:08.300,01:12:08.867,129849,129866
920,01:12:08.867,01:12:09.533,129866,129886
921,01:12:09.533,01:12:10.067,129886,129902
922,01:12:10.067,01:12:10.600,129902,129918
923,01:12:10.600,01:12:11.133,129918,129934
924,01:12:11.133,01:12:11.633,129934,129949
925,01:12:11.633,01:12:12.133,129949,129964
926,01:12:12.133,01:12:12.633,129964,129979
927,01:12:12.633,01:12:13.133,129979,129994
928,01:12:13.133,01:12:13.633,129994,130009
929,01:12:13.633,01:12:14.133,130009,130024
930,01:12:14.133,01:12:14.633,130024,130039
931,01:12:14.633,01:12:15.133,130039,130054
932,01:12:15.133,01:12:15.633,130054,130069
933,01:12:15.633,01:12:16.133,130069,130084
934,01:12:16.133,01:12:16.633,130084,130099
935,01:12:16.633,01:12:17.133,130099,130114
936,01:12:17.133,01:12:17.633,130114,130129
937,01:12:17.633,01:12:18.133,130129,130144
938,01:12:18.133,01:12:18.633,130144,130159
939,01:12:18.633,01:12:19.133,130159,130174
940,01:12:19.133,01:12:19.633,130174,130189
941,01:12:19.633,01:12:20.133,130189,130204
942,01:12:20.133,01:12:20.633,130204,130219
943,01:12:20.633,01:12:21.133,130219,130234
944,01:12:21.133,01:12:21.633,130234,130249
945,01:12:21.633,01:12:22.133,130249,130264
946,01:12:22.133,01:12:22.633,130264,130279
947,01:12:22.633,01:12:23.133,130279,130294
948,01:12:23.133,01:12:23.633,130294,130309
949,01:12:23.633,01:12:24.133,130309,130324
950,01:12:24.133,01:12:24.633,130324,130339
951,01:12:24.633,01:12:25.133,130339,130354
952,01:12:25.133,01:12:25.633,130354,130369
953,01:12:25.633,01:12:26.133,130369,130384
954,01:12:26.133,01:12:26.633,130384,130399
955,01:12:26.633,01:12:27.167,130399,130415
956,01:12:27.167,01:12:27.667,130415,130430
957,01:12:27.667,01:12:28.167,130430,130445
958,01:12:28.167,01:12:28.667,130445,130460
959,01:12:28.667,01:12:29.167,130460,130475
960,01:12:29.167,01:12:29.667,130475,130490
961,01:12:29.667,01:12:30.167,130490,130505
962,01:12:30.167,01:12:30.667,130505,130520
963,01:12:30.667,01:12:31.167,130520,130535
964,01:12:31.167,01:12:31.667,130535,130550
965,01:12:31.667,01:12:32.167,130550,130565
966,01:12:32.167,01:12:32.667,130565,130580
967,01:12:32.667,01:12:33.167,130580,130595
968,01:12:33.167,01:12:33.667,130595,130610
969,01:12:33.667,01:12:34.167,130610,130625
970,01:12:34.167,01:12:34.667,130625,130640
971,01:12:34.667,01:12:35.167,130640,130655
972,01:12:35.167,01:12:35.667,130655,130670
973,01:12:35.667,01:12:36.167,130670,130685
974,01:12:36.167,01:12:36.667,130685,130700
975,01:12:36.667,01:12:37.167,130700,130715
976,01:12:37.167,01:12:37.667,130715,130730
977,01:12:37.667,01:12:38.167,130730,130745
978,01:12:38.167,01:12:38.667,130745,130760
979,01:12:38.667,01:12:39.167,130760,130775
980,01:12:39.167,01:12:39.667,130775,130790
981,01:12:39.667,01:12:40.167,130790,130805
982,01:12:40.167,01:12:40.667,130805,130820
983,01:12:40.667,01:12:41.167,130820,130835
984,01:12:41.167,01:12:48.800,130835,131064
985,01:12:48.800,01:12:49.600,131064,131088
986,01:12:49.600,01:12:53.000,131088,131190
987,01:12:53.000,01:13:01.267,131190,131438
988,01:13:01.267,01:13:03.967,131438,131519
989,01:13:03.967,01:13:10.600,131519,131718
990,01:13:10.600,01:13:15.333,131718,131860
991,01:13:15.333,01:13:17.200,131860,131916
992,01:13:17.200,01:13:17.767,131916,131933
993,01:13:17.767,01:13:18.267,131933,131948
994,01:13:18.267,01:13:18.767,131948,131963
995,01:13:18.767,01:13:19.300,131963,131979
996,01:13:19.300,01:13:19.800,131979,131994
997,01:13:19.800,01:13:20.400,131994,132012
998,01:13:20.400,01:13:21.033,132012,132031
999,01:13:21.033,01:13:21.933,132031,132058
1000,01:13:21.933,01:13:22.433,132058,132073
1001,01:13:22.433,01:13:22.933,132073,132088
1002,01:13:22.933,01:13:23.433,132088,132103
1003,01:13:23.433,01:13:23.967,132103,132119
1004,01:13:23.967,01:13:24.567,132119,132137
1005,01:13:24.567,01:13:26.000,132137,132180
1006,01:13:26.000,01:13:26.933,132180,132208
1007,01:13:26.933,01:13:28.800,132208,132264
1008,01:13:28.800,01:13:30.700,132264,132321
1009,01:13:30.700,01:13:32.600,132321,132378
1010,01:13:32.600,01:13:34.733,132378,132442
1011,01:13:34.733,01:14:05.667,132442,133370
1012,01:14:05.667,01:14:06.367,133370,133391
1013,01:14:06.367,01:14:22.300,133391,133869
1014,01:14:22.300,01:14:22.800,133869,133884
1015,01:14:22.800,01:14:23.300,133884,133899
1016,01:14:23.300,01:14:23.800,133899,133914
1017,01:14:23.800,01:14:24.300,133914,133929
1018,01:14:24.300,01:14:24.800,133929,133944
1019,01:14:24.800,01:14:25.300,133944,133959
1020,01:14:25.300,01:14:25.967,133959,133979
1021,01:14:25.967,01:14:26.533,133979,133996
1022,01:14:26.533,01:14:27.300,133996,134019
1023,01:14:27.300,01:14:27.800,134019,134034
1024,01:14:27.800,01:14:28.300,134034,134049
1025,01:14:28.300,01:14:31.000,134049,134130
1026,01:14:31.000,01:14:31.500,134130,134145
1027,01:14:31.500,01:14:33.667,134145,134210
1028,01:14:33.667,01:14:34.167,134210,134225
1029,01:14:34.167,01:14:34.667,134225,134240
1030,01:14:34.667,01:14:35.167,134240,134255
1031,01:14:35.167,01:14:35.667,134255,134270
1032,01:14:35.667,01:14:36.167,134270,134285
1033,01:14:36.167,01:14:36.667,134285,134300
1034,01:14:36.667,01:14:37.167,134300,134315
1035,01:14:37.167,01:14:37.667,134315,134330
1036,01:14:37.667,01:14:38.167,134330,134345
1037,01:14:38.167,01:14:38.667,134345,134360
1038,01:14:38.667,01:14:39.167,134360,134375
1039,01:14:39.167,01:14:39.667,134375,134390
1040,01:14:39.667,01:14:40.167,134390,134405
1041,01:14:40.167,01:14:40.667,134405,134420
1042,01:14:40.667,01:14:41.167,134420,134435
1043,01:14:41.167,01:14:41.667,134435,134450
1044,01:14:41.667,01:14:42.167,134450,134465
1045,01:14:42.167,01:14:42.667,134465,134480
1046,01:14:42.667,01:14:45.800,134480,134574
1047,01:14:45.800,01:14:47.333,134574,134620
1048,01:14:47.333,01:14:48.067,134620,134642
1049,01:14:48.067,01:14:49.133,134642,134674
1050,01:14:49.133,01:14:52.100,134674,134763
1051,01:14:52.100,01:14:52.600,134763,134778
1052,01:14:52.600,01:14:56.233,134778,134887
1053,01:14:56.233,01:14:57.367,134887,134921
1054,01:14:57.367,01:15:05.133,134921,135154
1055,01:15:05.133,01:15:08.800,135154,135264
1056,01:15:08.800,01:20:23.433,135264,144703
1057,01:20:23.433,01:20:25.933,144703,144778
1058,01:20:25.933,01:20:29.333,144778,144880
1059,01:20:29.333,01:20:29.833,144880,144895
1060,01:20:29.833,01:20:30.467,144895,144914
1061,01:20:30.467,01:20:31.000,144914,144930
1062,01:20:31.000,01:20:32.733,144930,144982
1063,01:20:32.733,01:20:37.733,144982,145132
1064,01:20:37.733,01:20:40.100,145132,145203
1065,01:20:40.100,01:20:40.600,145203,145218
1066,01:20:40.600,01:20:41.100,145218,145233
1067,01:20:41.100,01:20:49.700,145233,145491
1068,01:20:49.700,01:20:52.700,145491,145581
1069,01:20:52.700,01:20:54.067,145581,145622
1070,01:20:54.067,01:21:50.567,145622,147317
1071,01:21:50.567,01:23:17.333,147317,149920
1072,01:23:17.333,01:23:34.667,149920,150440
1073,01:23:34.667,01:23:41.433,150440,150643
1074,01:23:41.433,01:23:42.500,150643,150675
1075,01:23:42.500,01:23:54.733,150675,151042
1076,01:23:54.733,01:24:27.267,151042,152018
1077,01:24:27.267,01:24:27.767,152018,152033
1078,01:24:27.767,01:24:28.467,152033,152054
1079,01:24:28.467,01:24:34.633,152054,152239
1080,01:24:34.633,01:24:36.000,152239,152280
1081,01:24:36.000,01:24:37.700,152280,152331
1082,01:24:37.700,01:24:38.200,152331,152346
1083,01:24:38.200,01:24:38.700,152346,152361
1084,01:24:38.700,01:24:40.600,152361,152418
1085,01:24:40.600,01:24:41.200,152418,152436
1086,01:24:41.200,01:24:41.700,152436,152451
1087,01:24:41.700,01:24:42.200,152451,152466
1088,01:24:42.200,01:24:59.433,152466,152983
1089,01:24:59.433,01:24:59.933,152983,152998
1090,01:24:59.933,01:26:43.633,152998,156109
1091,01:26:43.633,01:27:16.400,156109,157092
1092,01:27:16.400,01:28:25.267,157092,159158
1093,01:28:25.267,01:28:26.500,159158,159195
1094,01:28:26.500,01:28:27.000,159195,159210
1095,01:28:27.000,01:28:31.933,159210,159358
1096,01:28:31.933,01:28:41.433,159358,159643
1097,01:28:41.433,01:28:53.900,159643,160017
1098,01:28:53.900,01:29:12.567,160017,160577
1099,01:29:12.567,01:29:29.833,160577,161095
1100,01:29:29.833,01:29:51.900,161095,161757
1101,01:29:51.900,01:29:59.933,161757,161998
1102,01:29:59.933,01:30:16.667,161998,162500
1103,01:30:16.667,01:30:49.433,162500,163483
1104,01:30:49.433,01:31:08.600,163483,164058
1105,01:31:08.600,01:32:01.600,164058,165648
1106,01:32:01.600,01:32:40.267,165648,166808
1107,01:32:40.267,01:32:43.033,166808,166891
1108,01:32:43.033,01:32:54.367,166891,167231
1109,01:32:54.367,01:33:22.433,167231,168073
1110,01:33:22.433,01:35:13.367,168073,171401
1111,01:35:13.367,01:35:13.867,171401,171416
1112,01:35:13.867,01:35:14.733,171416,171442
1113,01:35:14.733,01:35:21.800,171442,171654
1114,01:35:21.800,01:35:22.633,171654,171679
1115,01:35:22.633,01:35:30.300,171679,171909
1116,01:35:30.300,01:35:30.800,171909,171924
1117,01:35:30.800,01:35:31.433,171924,171943
1118,01:35:31.433,01:35:32.000,171943,171960
1119,01:35:32.000,01:35:48.667,171960,172460
1120,01:35:48.667,01:35:52.633,172460,172579
1121,01:35:52.633,01:35:53.133,172579,172594
1122,01:35:53.133,01:36:18.467,172594,173354
1123,01:36:18.467,01:36:18.967,173354,173369
1124,01:36:18.967,01:36:24.533,173369,173536
1125,01:36:24.533,01:36:32.533,173536,173776
1126,01:36:32.533,01:36:48.000,173776,174240
1127,01:36:48.000,01:36:58.200,174240,174546
1128,01:36:58.200,01:36:59.133,174546,174574
1129,01:36:59.133,01:37:08.100,174574,174843
1130,01:37:08.100,01:37:13.633,174843,175009
1131,01:37:13.633,01:37:34.100,175009,175623
1132,01:37:34.100,01:37:34.767,175623,175643
1133,01:37:34.767,01:37:35.567,175643,175667
1134,01:37:35.567,01:37:36.067,175667,175682
1135,01:37:36.067,01:37:37.000,175682,175710
1136,01:37:37.000,01:37:52.133,175710,176164
1137,01:37:52.133,01:37:54.333,176164,176230
1138,01:37:54.333,01:37:55.033,176230,176251
1139,01:37:55.033,01:37:56.000,176251,176280
1140,01:37:56.000,01:37:58.233,176280,176347
1141,01:37:58.233,01:38:09.100,176347,176673
1142,01:38:09.100,01:38:10.100,176673,176703
1143,01:38:10.100,01:38:21.500,176703,177045
1144,01:38:21.500,01:38:23.100,177045,177093
1145,01:38:23.100,01:38:23.667,177093,177110
1146,01:38:23.667,01:38:25.067,177110,177152
1147,01:38:25.067,01:38:26.067,177152,177182
1148,01:38:26.067,01:38:35.167,177182,177455
1149,01:38:35.167,01:38:50.200,177455,177906
1150,01:38:50.200,01:39:27.367,177906,179021
1151,01:39:27.367,01:41:35.300,179021,182859
1152,01:41:35.300,01:41:36.267,182859,182888
1153,01:41:36.267,01:42:15.667,182888,184070
1154,01:42:15.667,01:42:16.300,184070,184089
1155,01:42:16.300,01:42:17.300,184089,184119
1156,01:42:17.300,01:42:18.933,184119,184168
1157,01:42:18.933,01:42:19.500,184168,184185
1158,01:42:19.500,01:42:28.400,184185,184452
1159,01:42:28.400,01:42:29.333,184452,184480
1160,01:42:29.333,01:42:30.067,184480,184502
1161,01:42:30.067,01:42:31.267,184502,184538
1162,01:42:31.267,01:42:32.267,184538,184568
1163,01:42:32.267,01:42:33.300,184568,184599
1164,01:42:33.300,01:42:33.967,184599,184619
1165,01:42:33.967,01:42:37.867,184619,184736
1166,01:42:37.867,01:42:39.000,184736,184770
1167,01:42:39.000,01:42:39.700,184770,184791
1168,01:42:39.700,01:42:40.500,184791,184815
1169,01:42:40.500,01:42:54.700,184815,185241
1170,01:42:54.700,01:42:55.200,185241,185256
1171,01:42:55.200,01:42:57.133,185256,185314
1172,01:42:57.133,01:42:57.633,185314,185329
1173,01:42:57.633,01:42:58.133,185329,185344
1174,01:42:58.133,01:42:58.700,185344,185361
1175,01:42:58.700,01:42:59.533,185361,185386
1176,01:42:59.533,01:43:00.033,185386,185401
1177,01:43:00.033,01:43:00.900,185401,185427
1178,01:43:00.900,01:43:01.400,185427,185442
1179,01:43:01.400,01:43:01.967,185442,185459
1180,01:43:01.967,01:43:02.567,185459,185477
1181,01:43:02.567,01:43:03.100,185477,185493
1182,01:43:03.100,01:43:03.833,185493,185515
1183,01:43:03.833,01:43:04.333,185515,185530
1184,01:43:04.333,01:43:05.167,185530,185555
1185,01:43:05.167,01:43:05.667,185555,185570
1186,01:43:05.667,01:43:06.667,185570,185600
1187,01:43:06.667,01:43:07.500,185600,185625
1188,01:43:07.500,01:43:18.933,185625,185968
1189,01:43:18.933,01:43:22.133,185968,186064
1190,01:43:22.133,01:43:26.900,186064,186207
1191,01:43:26.900,01:44:35.667,186207,188270
1192,01:44:35.667,01:44:42.400,188270,188472
1193,01:44:42.400,01:44:43.900,188472,188517
1194,01:44:43.900,01:44:49.700,188517,188691
1195,01:44:49.700,01:44:52.533,188691,188776
1196,01:44:52.533,01:44:55.867,188776,188876
1197,01:44:55.867,01:44:56.433,188876,188893
1198,01:44:56.433,01:44:56.933,188893,188908
1199,01:44:56.933,01:44:57.767,188908,188933
1200,01:44:57.767,01:44:58.800,188933,188964
1201,01:44:58.800,01:44:59.400,188964,188982
1202,01:44:59.400,01:45:00.900,188982,189027
1203,01:45:00.900,01:45:01.600,189027,189048
1204,01:45:01.600,01:45:02.200,189048,189066
1205,01:45:02.200,01:45:02.767,189066,189083
1206,01:45:02.767,01:45:03.300,189083,189099
1207,01:45:03.300,01:45:04.100,189099,189123
1208,01:45:04.100,01:45:04.633,189123,189139
1209,01:45:04.633,01:45:05.200,189139,189156
1210,01:45:05.200,01:45:35.300,189156,190059
1211,01:45:35.300,01:45:35.800,190059,190074
1212,01:45:35.800,01:46:05.867,190074,190976
1213,01:46:05.867,01:46:43.333,190976,192100
1214,01:46:43.333,01:46:58.667,192100,192560
1215,01:46:58.667,01:47:08.833,192560,192865
1216,01:47:08.833,01:47:29.600,192865,193488
1217,01:47:29.600,01:47:34.767,193488,193643
1218,01:47:34.767,01:47:39.667,193643,193790
1219,01:47:39.667,01:47:40.167,193790,193805
1220,01:47:40.167,01:47:41.867,193805,193856
1221,01:47:41.867,01:47:42.533,193856,193876
1222,01:47:42.533,01:47:43.033,193876,193891
1223,01:47:43.033,01:47:43.667,193891,193910
1224,01:47:43.667,01:47:44.267,193910,193928
1225,01:47:44.267,01:47:44.867,193928,193946
1226,01:47:44.867,01:47:45.367,193946,193961
1227,01:47:45.367,01:47:46.033,193961,193981
1228,01:47:46.033,01:47:46.533,193981,193996
1229,01:47:46.533,01:47:47.100,193996,194013
1230,01:47:47.100,01:47:47.600,194013,194028
1231,01:47:47.600,01:47:48.100,194028,194043
1232,01:47:48.100,01:47:48.900,194043,194067
1233,01:47:48.900,01:47:49.400,194067,194082
1234,01:47:49.400,01:47:49.967,194082,194099
1235,01:47:49.967,01:47:50.533,194099,194116
1236,01:47:50.533,01:47:51.033,194116,194131
1237,01:47:51.033,01:47:51.733,194131,194152
1238,01:47:51.733,01:47:52.233,194152,194167
1239,01:47:52.233,01:47:53.033,194167,194191
1240,01:47:53.033,01:47:53.567,194191,194207
1241,01:47:53.567,01:47:54.567,194207,194237
1242,01:47:54.567,01:47:55.067,194237,194252
1243,01:47:55.067,01:47:56.067,194252,194282
1244,01:47:56.067,01:47:56.667,194282,194300
1245,01:47:56.667,01:47:57.233,194300,194317
1246,01:47:57.233,01:47:57.800,194317,194334
1247,01:47:57.800,01:47:58.433,194334,194353
1248,01:47:58.433,01:47:58.933,194353,194368
1249,01:47:58.933,01:48:00.433,194368,194413
1250,01:48:00.433,01:48:01.533,194413,194446
1251,01:48:01.533,01:48:02.533,194446,194476
1252,01:48:02.533,01:48:03.633,194476,194509
1253,01:48:03.633,01:48:04.433,194509,194533
1254,01:48:04.433,01:48:18.733,194533,194962
1255,01:48:18.733,01:48:21.000,194962,195030
1256,01:48:21.000,01:48:24.233,195030,195127
1257,01:48:24.233,01:48:24.733,195127,195142
1258,01:48:24.733,01:48:25.233,195142,195157
1259,01:48:25.233,01:48:25.733,195157,195172
1260,01:48:25.733,01:48:26.400,195172,195192
1261,01:48:26.400,01:48:27.633,195192,195229
1262,01:48:27.633,01:48:28.133,195229,195244
1263,01:48:28.133,01:48:28.833,195244,195265
1264,01:48:28.833,01:48:29.733,195265,195292
1265,01:48:29.733,01:48:30.533,195292,195316
1266,01:48:30.533,01:48:31.067,195316,195332
1267,01:48:31.067,01:48:32.433,195332,195373
1268,01:48:32.433,01:48:33.500,195373,195405
1269,01:48:33.500,01:48:35.733,195405,195472
1270,01:48:35.733,01:48:37.533,195472,195526
1271,01:48:37.533,01:48:39.500,195526,195585
1272,01:48:39.500,01:48:40.333,195585,195610
1273,01:48:40.333,02:07:25.333,195610,229360
1274,02:07:25.333,02:07:25.467,229360,229364
